estado_sigla,data_da_coleta,valor_de_venda,valor_de_compra
AC,01/07/2015,3.93,3.22
AC,01/12/2015,4.08,NA
AC,02/07/2015,3.76,3.17
AC,02/09/2015,3.75,3.15
AC,02/12/2015,4.06,3.46
AC,03/08/2015,3.97,3.33
AC,03/11/2015,4.44,3.6
AC,04/11/2015,4.07,NA
AC,05/08/2015,3.81,3.17
AC,05/10/2015,4.37,3.49
AC,05/11/2015,4.06,3.39
AC,06/07/2015,3.97,3.34
AC,07/07/2015,3.93,3.21
AC,07/10/2015,3.85,3.21
AC,07/12/2015,4.32,3.65
AC,08/07/2015,3.77,3.18
AC,08/09/2015,3.86,3.21
AC,09/12/2015,4.09,3.48
AC,10/08/2015,3.86,3.21
AC,10/11/2015,4.42,3.6
AC,11/08/2015,3.91,3.15
AC,12/10/2015,4.37,3.49
AC,12/11/2015,4.07,3.43
AC,13/07/2015,4.06,3.36
AC,13/10/2015,4.39,NA
AC,14/07/2015,3.78,3.17
AC,14/12/2015,4.32,3.65
AC,15/07/2015,3.99,NA
AC,15/09/2015,4.07,3.39
AC,15/10/2015,3.95,3.31
AC,16/09/2015,3.76,3.15
AC,16/11/2015,4.32,3.57
AC,16/12/2015,4.04,3.5
AC,19/10/2015,4.39,3.56
AC,19/11/2015,4.07,3.43
AC,20/07/2015,4.06,3.36
AC,20/10/2015,4.39,3.5
AC,21/07/2015,3.87,3.19
AC,21/09/2015,4.04,3.28
AC,21/10/2015,3.98,3.35
AC,22/07/2015,3.8,3.16
AC,22/09/2015,3.76,3.14
AC,22/12/2015,4.14,3.5
AC,23/09/2015,3.77,NA
AC,23/11/2015,4.32,3.57
AC,23/12/2015,3.96,3.51
AC,24/08/2015,4.07,3.39
AC,24/09/2015,3.73,3.16
AC,25/11/2015,4.04,3.45
AC,26/08/2015,3.74,3.16
AC,26/10/2015,4.42,3.56
AC,26/11/2015,4.1,NA
AC,27/07/2015,3.97,3.33
AC,27/10/2015,4.08,3.37
AC,28/09/2015,4.06,3.39
AC,28/10/2015,4.03,3.41
AC,29/07/2015,3.81,3.16
AC,29/09/2015,4.07,NA
AC,29/12/2015,4.14,3.5
AC,30/09/2015,3.75,3.18
AC,30/11/2015,4.32,3.62
AC,30/12/2015,3.99,3.51
AC,31/08/2015,4.07,3.39
AL,01/07/2015,3.39,2.88
AL,01/12/2015,3.76,3.2
AL,02/07/2015,3.25,NA
AL,02/11/2015,3.7,NA
AL,03/08/2015,3.37,2.85
AL,03/11/2015,3.55,3.02
AL,04/08/2015,3.32,2.91
AL,04/11/2015,3.67,3
AL,05/08/2015,3.36,2.83
AL,05/10/2015,3.38,2.86
AL,06/07/2015,3.35,2.82
AL,06/08/2015,3.37,NA
AL,06/10/2015,3.47,2.86
AL,07/07/2015,3.37,2.83
AL,07/10/2015,3.37,2.86
AL,07/12/2015,3.79,3.22
AL,08/07/2015,3.38,2.87
AL,08/09/2015,3.37,2.86
AL,08/12/2015,3.77,3.27
AL,09/09/2015,3.37,2.83
AL,09/12/2015,3.74,3.21
AL,10/08/2015,3.37,2.86
AL,10/11/2015,3.59,3.05
AL,10/12/2015,3.6,NA
AL,11/08/2015,3.36,2.86
AL,12/11/2015,3.68,2.96
AL,13/07/2015,3.34,2.82
AL,13/10/2015,3.53,2.91
AL,14/07/2015,3.41,2.82
AL,14/09/2015,3.34,2.85
AL,14/10/2015,3.55,NA
AL,14/12/2015,3.79,3.21
AL,15/07/2015,3.35,2.82
AL,15/09/2015,3.33,2.8
AL,15/12/2015,3.78,3.27
AL,16/09/2015,3.37,2.83
AL,16/11/2015,3.56,3.04
AL,16/12/2015,3.75,3.21
AL,17/11/2015,3.67,3.08
AL,17/12/2015,3.6,NA
AL,19/10/2015,3.56,3.02
AL,19/11/2015,3.6,NA
AL,20/07/2015,3.27,2.81
AL,20/10/2015,3.48,3.04
AL,21/07/2015,3.39,2.85
AL,21/09/2015,3.35,2.88
AL,21/10/2015,3.59,3
AL,21/12/2015,3.8,3.23
AL,22/07/2015,3.33,2.82
AL,22/09/2015,3.38,2.82
AL,22/12/2015,3.77,3.28
AL,23/11/2015,3.68,3.11
AL,23/12/2015,3.64,3.29
AL,24/08/2015,3.39,2.86
AL,24/11/2015,3.69,3.06
AL,25/08/2015,3.37,2.86
AL,26/10/2015,3.66,2.99
AL,26/11/2015,3.6,NA
AL,27/07/2015,3.4,2.87
AL,27/10/2015,3.52,3.04
AL,28/07/2015,3.36,2.86
AL,28/09/2015,3.33,2.87
AL,28/10/2015,3.6,3
AL,28/12/2015,3.81,3.19
AL,29/07/2015,3.36,2.83
AL,29/09/2015,3.38,2.82
AL,29/12/2015,3.77,3.28
AL,30/07/2015,3.37,NA
AL,30/11/2015,3.74,3.16
AL,30/12/2015,3.64,3.29
AL,31/08/2015,3.33,2.84
AM,01/07/2015,3.62,3.01
AM,01/09/2015,3.89,2.83
AM,01/12/2015,4.31,3.24
AM,03/08/2015,3.58,3.01
AM,03/11/2015,3.7,3.26
AM,04/08/2015,3.72,2.98
AM,04/11/2015,4.07,3.21
AM,05/08/2015,3.73,3.02
AM,05/10/2015,3.8,3.12
AM,05/11/2015,3.79,3.23
AM,06/07/2015,3.63,3.01
AM,06/10/2015,4.17,3.02
AM,07/07/2015,3.64,3.01
AM,07/12/2015,4.08,3.37
AM,08/07/2015,3.7,3.01
AM,08/09/2015,3.56,3.01
AM,08/12/2015,4.32,3.27
AM,09/09/2015,3.81,2.99
AM,09/11/2015,3.78,3.29
AM,09/12/2015,3.75,3.32
AM,10/08/2015,3.71,3
AM,10/11/2015,3.57,NA
AM,11/08/2015,3.6,3.01
AM,12/10/2015,3.8,3.13
AM,12/11/2015,4.14,3.21
AM,13/07/2015,3.59,3.01
AM,13/10/2015,4.17,3.02
AM,14/07/2015,3.71,3
AM,14/09/2015,3.59,3.01
AM,14/12/2015,3.87,3.32
AM,15/07/2015,3.45,3.01
AM,15/09/2015,3.57,3.03
AM,15/12/2015,4.32,3.27
AM,16/07/2015,3.74,2.98
AM,16/09/2015,3.88,2.98
AM,16/11/2015,4.04,3.23
AM,16/12/2015,4.05,3.37
AM,17/11/2015,3.89,3.27
AM,19/10/2015,3.83,3.15
AM,20/07/2015,3.51,3.01
AM,20/10/2015,4.07,3.14
AM,21/07/2015,3.67,2.99
AM,21/09/2015,3.57,3.02
AM,21/12/2015,3.63,3.33
AM,22/07/2015,3.4,NA
AM,22/09/2015,3.79,2.98
AM,22/12/2015,4.08,3.33
AM,23/07/2015,3.74,2.98
AM,23/09/2015,3.5,3.06
AM,23/11/2015,4.02,3.31
AM,23/12/2015,3.85,3.35
AM,24/08/2015,3.53,3.01
AM,24/11/2015,4.1,3.28
AM,25/08/2015,3.96,3
AM,26/10/2015,3.98,2.97
AM,27/07/2015,3.58,2.99
AM,27/10/2015,3.9,3.19
AM,28/07/2015,3.7,2.99
AM,28/09/2015,3.48,3
AM,28/10/2015,3.79,3.23
AM,28/12/2015,3.61,3.32
AM,29/07/2015,3.59,3.01
AM,29/09/2015,3.71,2.99
AM,29/10/2015,3.8,NA
AM,29/12/2015,4.08,3.33
AM,30/11/2015,3.98,3.32
AM,30/12/2015,3.79,3.34
AM,31/08/2015,3.56,3
AP,01/09/2015,3.16,NA
AP,03/08/2015,3.45,2.97
AP,04/08/2015,3.27,3
AP,04/11/2015,3.54,3.21
AP,05/10/2015,3.46,3.12
AP,06/07/2015,3.46,2.93
AP,06/10/2015,3.49,3.13
AP,07/07/2015,3.31,2.9
AP,07/12/2015,3.53,3.26
AP,08/07/2015,3.27,NA
AP,08/09/2015,3.29,2.96
AP,09/09/2015,3.25,2.95
AP,09/12/2015,3.61,3.29
AP,10/08/2015,3.64,2.96
AP,11/08/2015,3.27,2.95
AP,12/10/2015,3.46,3.12
AP,12/11/2015,3.55,3.21
AP,13/07/2015,3.47,2.98
AP,13/10/2015,3.49,3.13
AP,14/12/2015,3.53,3.26
AP,15/07/2015,3.3,2.97
AP,15/09/2015,3.29,2.96
AP,16/09/2015,3.24,2.95
AP,16/11/2015,3.56,3.21
AP,16/12/2015,3.61,3.29
AP,17/11/2015,3.6,3.25
AP,19/10/2015,3.51,3.18
AP,20/07/2015,3.46,2.98
AP,21/09/2015,3.27,2.97
AP,22/07/2015,3.3,2.97
AP,22/12/2015,3.56,3.27
AP,23/11/2015,3.56,3.21
AP,23/12/2015,3.56,NA
AP,24/08/2015,3.29,2.93
AP,24/11/2015,3.6,3.25
AP,26/10/2015,3.51,3.18
AP,27/07/2015,3.44,2.96
AP,28/07/2015,3.27,3
AP,28/09/2015,3.28,2.97
AP,29/12/2015,3.56,3.27
AP,30/11/2015,3.57,3.26
AP,30/12/2015,3.56,NA
AP,31/08/2015,3.32,2.93
BA,01/07/2015,3.51,2.91
BA,01/09/2015,3.47,2.89
BA,01/12/2015,3.77,3.23
BA,02/07/2015,3.47,2.89
BA,02/09/2015,3.57,2.91
BA,02/12/2015,3.86,3.26
BA,03/08/2015,3.51,2.89
BA,03/09/2015,3.42,NA
BA,03/11/2015,3.65,3.06
BA,03/12/2015,3.79,3.25
BA,04/08/2015,3.41,2.86
BA,04/11/2015,3.63,3.08
BA,05/08/2015,3.48,2.9
BA,05/10/2015,3.71,3
BA,05/11/2015,3.53,3.05
BA,06/07/2015,3.5,2.92
BA,06/08/2015,3.43,2.84
BA,06/10/2015,3.63,2.97
BA,07/07/2015,3.43,2.86
BA,07/10/2015,3.74,2.98
BA,07/12/2015,3.9,3.23
BA,08/07/2015,3.48,2.88
BA,08/09/2015,3.49,2.91
BA,08/10/2015,3.7,2.96
BA,08/12/2015,3.8,3.23
BA,09/09/2015,3.46,2.89
BA,09/11/2015,3.83,3.23
BA,09/12/2015,3.79,3.28
BA,10/08/2015,3.43,2.89
BA,10/09/2015,3.44,2.98
BA,10/11/2015,3.78,3.12
BA,10/12/2015,3.78,3.25
BA,11/08/2015,3.47,2.9
BA,11/11/2015,3.78,3.09
BA,12/10/2015,3.69,3.01
BA,12/11/2015,3.82,3.16
BA,13/07/2015,3.46,2.87
BA,13/10/2015,3.63,2.97
BA,14/07/2015,3.42,2.88
BA,14/09/2015,3.44,2.81
BA,14/10/2015,3.7,3
BA,14/12/2015,3.9,3.23
BA,15/07/2015,3.45,2.9
BA,15/09/2015,3.49,2.88
BA,15/10/2015,3.75,3.04
BA,15/12/2015,3.79,3.23
BA,16/07/2015,3.47,2.88
BA,16/09/2015,3.49,2.9
BA,16/11/2015,3.88,3.22
BA,16/12/2015,3.82,3.26
BA,17/09/2015,3.44,2.98
BA,17/11/2015,3.82,3.2
BA,17/12/2015,3.74,3.23
BA,18/11/2015,3.79,3.2
BA,19/10/2015,3.75,3.03
BA,19/11/2015,3.87,3.2
BA,20/07/2015,3.54,2.95
BA,20/10/2015,3.64,3.1
BA,21/07/2015,3.42,2.87
BA,21/09/2015,3.5,2.9
BA,21/10/2015,3.7,3.08
BA,21/12/2015,3.76,3.24
BA,22/07/2015,3.4,2.88
BA,22/09/2015,3.43,2.88
BA,22/12/2015,3.81,3.24
BA,23/07/2015,3.47,2.91
BA,23/09/2015,3.48,2.91
BA,23/11/2015,3.86,3.22
BA,23/12/2015,3.75,3.27
BA,24/08/2015,3.46,2.88
BA,24/11/2015,3.8,3.21
BA,25/08/2015,3.47,2.85
BA,25/11/2015,3.85,3.21
BA,26/08/2015,3.53,2.9
BA,26/10/2015,3.7,3.02
BA,27/07/2015,3.52,2.89
BA,27/10/2015,3.63,3.06
BA,28/07/2015,3.41,2.87
BA,28/09/2015,3.27,2.79
BA,28/10/2015,3.65,3.07
BA,28/12/2015,3.74,3.25
BA,29/07/2015,3.47,2.87
BA,29/09/2015,3.42,2.9
BA,29/12/2015,3.87,3.25
BA,30/07/2015,3.43,2.85
BA,30/09/2015,3.47,2.9
BA,30/11/2015,3.84,3.21
BA,30/12/2015,3.75,3.25
BA,31/08/2015,3.49,2.86
CE,01/07/2015,3.36,2.92
CE,01/09/2015,3.37,2.93
CE,01/12/2015,3.84,3.24
CE,02/07/2015,3.48,2.97
CE,02/12/2015,3.75,3.25
CE,03/11/2015,3.64,3.16
CE,04/08/2015,3.42,2.92
CE,04/11/2015,3.65,3.17
CE,05/08/2015,3.51,2.96
CE,06/07/2015,3.39,2.93
CE,06/10/2015,3.62,3.04
CE,07/07/2015,3.44,2.92
CE,08/07/2015,3.41,2.94
CE,08/09/2015,3.37,2.94
CE,08/12/2015,3.86,3.27
CE,09/09/2015,3.42,2.97
CE,09/12/2015,3.8,3.29
CE,10/08/2015,3.46,2.93
CE,10/11/2015,3.66,3.18
CE,11/08/2015,3.43,2.94
CE,12/11/2015,3.65,3.17
CE,13/07/2015,3.51,NA
CE,13/10/2015,3.63,3.02
CE,14/07/2015,3.43,2.92
CE,14/12/2015,3.87,NA
CE,15/07/2015,3.5,NA
CE,15/09/2015,3.37,2.93
CE,15/12/2015,3.87,3.32
CE,16/09/2015,3.44,2.95
CE,16/11/2015,3.67,3.16
CE,16/12/2015,3.78,3.29
CE,17/11/2015,3.69,3.19
CE,20/07/2015,3.45,2.92
CE,20/10/2015,3.6,3.06
CE,21/07/2015,3.43,2.92
CE,21/09/2015,3.37,2.95
CE,21/10/2015,3.68,3.14
CE,21/12/2015,3.85,3.26
CE,22/07/2015,3.5,NA
CE,22/09/2015,3.4,2.94
CE,22/12/2015,3.85,3.3
CE,23/07/2015,3.35,NA
CE,23/09/2015,3.48,2.89
CE,23/11/2015,3.68,3.16
CE,23/12/2015,3.9,3.38
CE,24/08/2015,3.39,2.94
CE,24/11/2015,3.7,3.24
CE,25/08/2015,3.43,2.96
CE,26/10/2015,3.66,3.12
CE,27/07/2015,3.37,2.91
CE,27/10/2015,3.63,3.07
CE,28/07/2015,3.43,2.93
CE,28/09/2015,3.37,2.94
CE,28/10/2015,3.59,NA
CE,28/12/2015,3.84,3.26
CE,29/07/2015,3.5,2.94
CE,29/09/2015,3.39,2.91
CE,29/12/2015,3.87,3.29
CE,30/07/2015,3.38,2.93
CE,30/09/2015,3.46,2.89
CE,30/11/2015,3.72,3.22
CE,31/08/2015,3.45,2.96
DF,01/07/2015,3.52,3.1
DF,01/09/2015,3.51,3.1
DF,02/12/2015,3.77,3.11
DF,03/11/2015,3.65,NA
DF,04/11/2015,3.68,3.06
DF,05/08/2015,3.52,3.1
DF,05/10/2015,3.67,2.88
DF,06/10/2015,3.67,2.9
DF,07/07/2015,3.52,3.1
DF,07/09/2015,3.5,NA
DF,08/12/2015,3.77,3.12
DF,09/09/2015,3.5,3.1
DF,10/11/2015,3.77,3.1
DF,11/08/2015,3.52,3.1
DF,13/10/2015,3.67,2.9
DF,14/07/2015,3.5,NA
DF,14/10/2015,3.68,3.06
DF,15/07/2015,3.52,3.1
DF,15/09/2015,3.5,3.1
DF,15/12/2015,3.77,3.12
DF,16/12/2015,3.76,NA
DF,17/11/2015,3.76,3.11
DF,18/11/2015,3.77,3.09
DF,20/10/2015,3.68,3.06
DF,21/09/2015,3.53,2.9
DF,22/07/2015,3.52,3.1
DF,22/09/2015,3.5,NA
DF,22/12/2015,3.77,3.12
DF,24/11/2015,3.77,3.1
DF,25/08/2015,3.52,3.1
DF,26/08/2015,3.53,3.11
DF,27/10/2015,3.68,3.07
DF,28/12/2015,3.77,3.12
DF,29/07/2015,3.52,3.1
DF,29/09/2015,3.52,2.89
DF,31/08/2015,3.51,3.11
ES,01/12/2015,3.79,3.25
ES,02/07/2015,3.25,2.91
ES,02/09/2015,3.41,2.93
ES,02/12/2015,3.55,3.17
ES,03/08/2015,3.43,2.97
ES,03/11/2015,3.64,3.2
ES,04/08/2015,3.5,2.95
ES,04/11/2015,3.47,3.09
ES,05/08/2015,3.59,3.04
ES,05/10/2015,3.63,3.06
ES,06/07/2015,3.45,2.95
ES,06/08/2015,3.49,2.91
ES,06/10/2015,3.42,3.02
ES,07/07/2015,3.47,2.95
ES,07/10/2015,3.54,3.08
ES,07/12/2015,3.77,3.28
ES,08/07/2015,3.26,2.91
ES,08/12/2015,3.8,3.01
ES,09/09/2015,3.42,2.92
ES,09/12/2015,3.6,3.2
ES,10/08/2015,3.44,2.98
ES,10/11/2015,3.71,3.2
ES,11/08/2015,3.46,2.92
ES,11/11/2015,3.48,3.15
ES,12/10/2015,3.63,3.06
ES,12/11/2015,3.6,3.1
ES,13/07/2015,3.43,2.92
ES,13/10/2015,3.38,3.02
ES,14/07/2015,3.46,2.94
ES,14/10/2015,3.63,3.08
ES,14/12/2015,3.79,3.28
ES,15/07/2015,3.57,3.07
ES,15/12/2015,3.78,3.08
ES,16/07/2015,3.5,2.92
ES,16/09/2015,3.42,2.92
ES,16/11/2015,3.74,3.25
ES,16/12/2015,3.63,3.23
ES,17/11/2015,3.71,3.17
ES,18/11/2015,3.57,3.18
ES,19/10/2015,3.64,3.13
ES,20/07/2015,3.42,2.92
ES,20/10/2015,3.68,NA
ES,21/07/2015,3.46,2.94
ES,21/10/2015,3.45,3.07
ES,22/07/2015,3.57,3.07
ES,22/09/2015,3.45,3
ES,22/12/2015,3.66,3.27
ES,23/07/2015,3.5,2.92
ES,23/09/2015,3.39,2.95
ES,23/11/2015,3.76,3.26
ES,23/12/2015,3.78,3.2
ES,24/09/2015,3.4,NA
ES,24/11/2015,3.71,3.17
ES,25/11/2015,3.58,3.18
ES,26/10/2015,3.64,3.13
ES,27/07/2015,3.43,2.97
ES,27/08/2015,3.44,2.92
ES,27/10/2015,3.68,NA
ES,28/07/2015,3.49,2.95
ES,28/10/2015,3.47,3.07
ES,29/07/2015,3.59,3.04
ES,29/09/2015,3.44,3
ES,29/12/2015,3.67,3.27
ES,30/07/2015,3.5,2.91
ES,30/09/2015,3.38,2.98
ES,30/11/2015,3.75,3.21
ES,30/12/2015,3.78,3.2
GO,01/07/2015,3.23,2.93
GO,01/09/2015,3.4,2.9
GO,01/12/2015,3.67,3.15
GO,02/09/2015,3.2,2.97
GO,02/12/2015,3.67,3.24
GO,03/11/2015,3.64,3.14
GO,03/12/2015,3.64,3.17
GO,04/08/2015,3.31,2.93
GO,04/11/2015,3.64,3.12
GO,05/08/2015,3.41,2.98
GO,05/10/2015,3.64,3.05
GO,05/11/2015,3.58,3.13
GO,06/08/2015,3.29,2.93
GO,06/10/2015,3.43,3.01
GO,07/07/2015,3.3,2.98
GO,07/10/2015,3.5,3.05
GO,07/12/2015,3.73,3.19
GO,08/07/2015,3.35,2.93
GO,08/12/2015,3.69,3.2
GO,09/09/2015,3.28,2.93
GO,09/12/2015,3.73,3.21
GO,10/08/2015,3.35,2.96
GO,10/09/2015,3.52,2.94
GO,10/11/2015,3.62,3.16
GO,11/08/2015,3.3,2.94
GO,11/11/2015,3.57,3.14
GO,12/10/2015,3.65,3.03
GO,12/11/2015,3.68,3.12
GO,13/10/2015,3.45,3.01
GO,14/07/2015,3.36,2.97
GO,14/10/2015,3.5,3.08
GO,14/12/2015,3.73,3.19
GO,15/07/2015,3.31,2.98
GO,15/09/2015,3.3,2.93
GO,15/10/2015,3.59,NA
GO,15/12/2015,3.7,3.21
GO,16/07/2015,3.34,2.94
GO,16/09/2015,3.32,2.93
GO,16/11/2015,3.68,3.17
GO,16/12/2015,3.56,3.21
GO,17/09/2015,3.51,NA
GO,17/11/2015,3.67,3.18
GO,18/11/2015,3.6,3.2
GO,19/10/2015,3.56,3.07
GO,20/10/2015,3.6,3.09
GO,21/07/2015,3.33,2.97
GO,21/09/2015,3.43,2.98
GO,21/10/2015,3.65,3.19
GO,21/12/2015,3.84,NA
GO,22/07/2015,3.29,2.95
GO,22/09/2015,3.32,2.94
GO,22/12/2015,3.68,3.23
GO,23/07/2015,3.34,2.9
GO,23/11/2015,3.69,3.17
GO,24/11/2015,3.69,3.21
GO,25/08/2015,3.44,2.98
GO,25/11/2015,3.63,3.23
GO,26/08/2015,3.41,2.9
GO,26/10/2015,3.58,3.07
GO,27/08/2015,3.22,2.97
GO,27/10/2015,3.62,3.12
GO,28/07/2015,3.5,3.08
GO,28/09/2015,3.43,2.98
GO,28/10/2015,3.63,3.14
GO,28/12/2015,3.6,3.26
GO,29/07/2015,3.42,2.98
GO,29/09/2015,3.31,2.95
GO,29/12/2015,3.71,3.22
GO,30/07/2015,3.45,3.02
GO,30/09/2015,3.2,2.9
GO,31/08/2015,3.45,2.98
MA,01/07/2015,3.31,2.87
MA,01/09/2015,3.14,2.84
MA,01/12/2015,3.68,3.2
MA,02/07/2015,3.24,2.9
MA,02/09/2015,3.39,2.92
MA,02/12/2015,3.45,3.09
MA,03/08/2015,3.48,2.82
MA,03/11/2015,3.61,3.06
MA,04/08/2015,3.49,2.9
MA,04/11/2015,3.37,3
MA,05/08/2015,3.26,2.9
MA,05/10/2015,3.44,2.93
MA,06/07/2015,3.45,2.88
MA,06/08/2015,3.23,2.91
MA,06/10/2015,3.33,2.92
MA,07/07/2015,3.44,2.93
MA,07/12/2015,3.66,3.07
MA,08/07/2015,3.17,2.88
MA,08/09/2015,3.35,2.81
MA,08/10/2015,3.05,2.84
MA,08/12/2015,3.7,3.12
MA,09/09/2015,3.18,2.88
MA,09/12/2015,3.5,3.15
MA,10/08/2015,3.46,2.83
MA,10/11/2015,3.65,3.05
MA,11/08/2015,3.3,2.9
MA,12/10/2015,3.52,2.93
MA,12/11/2015,3.4,2.95
MA,13/07/2015,3.52,2.83
MA,13/10/2015,3.29,2.89
MA,14/07/2015,3.41,2.91
MA,14/10/2015,3.44,3.04
MA,14/12/2015,3.65,3.06
MA,15/07/2015,3.3,2.9
MA,15/09/2015,3.21,2.87
MA,15/10/2015,3.05,2.84
MA,15/12/2015,3.7,3.18
MA,16/11/2015,3.72,3.11
MA,16/12/2015,3.46,3.12
MA,17/11/2015,3.65,3.12
MA,17/12/2015,3.43,3.11
MA,18/11/2015,3.64,2.98
MA,19/10/2015,3.58,3.05
MA,19/11/2015,3.38,3
MA,20/07/2015,3.52,2.83
MA,20/10/2015,3.28,2.92
MA,21/07/2015,3.41,2.91
MA,21/09/2015,3.3,2.81
MA,21/10/2015,3.57,2.88
MA,21/12/2015,3.51,3.12
MA,22/07/2015,3.3,2.91
MA,22/09/2015,3.35,2.9
MA,22/12/2015,3.72,3.2
MA,23/09/2015,3.19,2.84
MA,23/11/2015,3.65,3.16
MA,23/12/2015,3.63,3.14
MA,24/11/2015,3.68,3.07
MA,25/08/2015,3.2,2.87
MA,25/11/2015,3.51,3.05
MA,26/08/2015,3.26,2.84
MA,26/10/2015,3.56,3.05
MA,26/11/2015,3.3,2.97
MA,27/07/2015,3.48,2.82
MA,27/08/2015,3.39,NA
MA,27/10/2015,3.32,2.97
MA,28/07/2015,3.49,2.9
MA,28/09/2015,3.4,2.91
MA,28/10/2015,3.58,2.88
MA,28/12/2015,3.51,3.12
MA,29/07/2015,3.42,2.92
MA,29/09/2015,3.36,2.91
MA,29/12/2015,3.74,3.2
MA,30/07/2015,3.17,2.88
MA,30/09/2015,3.2,2.85
MA,30/11/2015,3.7,3.11
MA,30/12/2015,3.64,3.14
MG,01/07/2015,3.41,2.95
MG,01/09/2015,3.34,2.95
MG,01/12/2015,3.76,3.26
MG,02/07/2015,3.29,3
MG,02/09/2015,3.31,2.93
MG,02/11/2015,3.57,3.04
MG,02/12/2015,3.65,3.21
MG,03/08/2015,3.48,2.97
MG,03/11/2015,3.63,3.18
MG,03/12/2015,3.78,3.24
MG,04/08/2015,3.36,2.97
MG,04/11/2015,3.66,3.17
MG,05/08/2015,3.37,2.96
MG,05/10/2015,3.57,3.07
MG,05/11/2015,3.51,3.13
MG,06/07/2015,3.46,2.97
MG,06/08/2015,3.27,2.95
MG,06/10/2015,3.53,3.09
MG,07/07/2015,3.37,2.96
MG,07/10/2015,3.58,3.02
MG,07/12/2015,3.76,3.27
MG,08/07/2015,3.38,2.99
MG,08/09/2015,3.48,2.96
MG,08/10/2015,3.59,NA
MG,08/12/2015,3.71,3.26
MG,09/09/2015,3.29,2.93
MG,09/11/2015,3.62,3.12
MG,09/12/2015,3.69,3.26
MG,10/08/2015,3.45,2.97
MG,10/11/2015,3.6,3.19
MG,10/12/2015,3.72,3.23
MG,11/08/2015,3.36,2.96
MG,11/11/2015,3.56,3.2
MG,12/10/2015,3.64,3.13
MG,12/11/2015,3.73,3.16
MG,13/07/2015,3.45,2.97
MG,13/10/2015,3.58,3.1
MG,14/07/2015,3.44,2.98
MG,14/09/2015,3.25,2.95
MG,14/10/2015,3.52,3.1
MG,14/12/2015,3.76,3.27
MG,15/07/2015,3.33,2.95
MG,15/09/2015,3.28,2.94
MG,15/10/2015,3.67,3.04
MG,15/12/2015,3.67,3.27
MG,16/07/2015,3.37,2.93
MG,16/09/2015,3.36,2.94
MG,16/11/2015,3.71,3.22
MG,16/12/2015,3.81,3.28
MG,17/11/2015,3.76,3.23
MG,17/12/2015,3.71,3.24
MG,18/11/2015,3.55,3.19
MG,19/10/2015,3.61,3.16
MG,19/11/2015,3.69,3.23
MG,20/07/2015,3.46,2.97
MG,20/10/2015,3.54,3.13
MG,21/07/2015,3.36,2.97
MG,21/09/2015,3.44,2.99
MG,21/10/2015,3.6,3.12
MG,21/12/2015,3.76,3.27
MG,22/07/2015,3.34,2.96
MG,22/09/2015,3.25,2.95
MG,22/12/2015,3.76,3.26
MG,23/07/2015,3.26,2.96
MG,23/09/2015,3.27,2.94
MG,23/11/2015,3.74,3.23
MG,23/12/2015,3.65,3.24
MG,24/08/2015,3.42,2.97
MG,24/09/2015,3.35,NA
MG,24/11/2015,3.7,3.27
MG,25/08/2015,3.27,2.94
MG,25/11/2015,3.73,3.2
MG,26/08/2015,3.39,2.94
MG,26/10/2015,3.63,3.14
MG,26/11/2015,3.68,3.23
MG,27/07/2015,3.47,2.97
MG,27/08/2015,3.47,NA
MG,27/10/2015,3.55,3.14
MG,28/07/2015,3.42,2.97
MG,28/09/2015,3.45,3.01
MG,28/10/2015,3.63,3.18
MG,28/12/2015,3.74,3.28
MG,29/07/2015,3.33,2.97
MG,29/09/2015,3.35,2.97
MG,29/12/2015,3.77,3.26
MG,30/07/2015,3.34,2.95
MG,30/09/2015,3.26,2.94
MG,30/11/2015,3.76,3.19
MG,30/12/2015,3.68,3.23
MG,31/08/2015,3.39,2.98
MS,01/07/2015,3.42,2.86
MS,01/09/2015,3.58,2.95
MS,01/12/2015,3.55,3.1
MS,02/07/2015,3,2.8
MS,03/08/2015,3.45,2.88
MS,03/11/2015,3.4,3.07
MS,03/12/2015,3.73,3.17
MS,04/08/2015,3.36,2.79
MS,04/11/2015,3.6,3.06
MS,05/08/2015,3.41,2.77
MS,05/10/2015,3.58,3.04
MS,05/11/2015,3.65,3.18
MS,06/07/2015,3.21,2.81
MS,06/10/2015,3.34,2.95
MS,07/07/2015,3.53,2.96
MS,07/12/2015,3.58,3.1
MS,08/07/2015,3.47,2.91
MS,08/09/2015,3.24,2.81
MS,08/12/2015,3.71,3.13
MS,09/11/2015,3.35,3.05
MS,09/12/2015,3.7,2.99
MS,10/08/2015,3.35,2.79
MS,10/11/2015,3.7,3.28
MS,10/12/2015,3.73,3.16
MS,11/08/2015,3.48,2.89
MS,11/11/2015,3.44,3.09
MS,12/10/2015,3.65,3.07
MS,12/11/2015,3.73,3.12
MS,13/07/2015,3.4,2.88
MS,13/10/2015,3.7,3.03
MS,14/07/2015,3.21,2.81
MS,14/09/2015,3.09,2.8
MS,14/10/2015,3.35,2.98
MS,14/12/2015,3.75,3.21
MS,15/09/2015,3.46,2.9
MS,15/10/2015,3.67,NA
MS,15/12/2015,3.57,3.11
MS,16/11/2015,3.6,3.14
MS,16/12/2015,3.73,2.99
MS,17/11/2015,3.6,3.11
MS,17/12/2015,3.74,3.16
MS,18/11/2015,3.4,3.12
MS,19/10/2015,3.5,3.02
MS,19/11/2015,3.72,3.14
MS,20/07/2015,3.5,2.93
MS,20/10/2015,3.46,3.01
MS,21/07/2015,3.23,2.8
MS,21/09/2015,3.46,NA
MS,21/10/2015,3.63,3.08
MS,21/12/2015,3.61,3.13
MS,22/07/2015,2.93,2.77
MS,22/09/2015,3.52,2.92
MS,22/12/2015,3.63,3.13
MS,23/07/2015,2.99,2.74
MS,23/09/2015,3.22,2.81
MS,23/11/2015,3.74,3.23
MS,23/12/2015,3.68,3.1
MS,24/08/2015,3.39,2.85
MS,24/11/2015,3.51,3.09
MS,25/08/2015,3.05,2.79
MS,26/08/2015,3.07,2.79
MS,26/10/2015,3.66,3.06
MS,26/11/2015,3.76,3.14
MS,27/07/2015,3.27,2.82
MS,27/10/2015,3.39,3.01
MS,28/07/2015,3.26,2.8
MS,28/09/2015,3.27,2.82
MS,28/10/2015,3.55,3.06
MS,28/12/2015,3.58,3.14
MS,29/07/2015,3.27,2.82
MS,29/09/2015,3.37,2.84
MS,29/12/2015,3.77,3.2
MS,30/11/2015,3.7,3.12
MS,30/12/2015,3.64,3.14
MS,31/08/2015,3.22,2.8
MT,01/07/2015,3.55,2.99
MT,01/09/2015,3.29,2.88
MT,01/12/2015,3.66,3.06
MT,02/07/2015,3.29,NA
MT,02/09/2015,3.28,2.88
MT,02/12/2015,3.66,3.15
MT,03/08/2015,3.44,2.9
MT,03/11/2015,3.5,3.07
MT,04/08/2015,3.32,2.89
MT,04/11/2015,3.47,3.07
MT,05/08/2015,3.33,2.89
MT,05/10/2015,3.3,NA
MT,06/07/2015,3.74,3.02
MT,06/10/2015,3.37,3.05
MT,07/07/2015,3.3,2.88
MT,07/10/2015,3.41,3
MT,07/12/2015,3.53,NA
MT,08/07/2015,3.55,2.98
MT,08/09/2015,3.28,2.85
MT,08/10/2015,3.38,2.98
MT,08/12/2015,3.69,3.17
MT,09/09/2015,3.29,2.86
MT,09/11/2015,3.49,2.99
MT,09/12/2015,3.72,3.22
MT,10/08/2015,3.44,2.84
MT,10/09/2015,3.32,2.98
MT,10/11/2015,3.52,3.07
MT,10/12/2015,3.4,NA
MT,11/08/2015,3.35,2.91
MT,11/11/2015,3.6,3.11
MT,13/10/2015,3.4,2.99
MT,14/07/2015,3.34,2.89
MT,14/10/2015,3.47,3.01
MT,14/12/2015,3.64,NA
MT,15/07/2015,3.34,2.89
MT,15/09/2015,3.3,2.88
MT,15/12/2015,3.69,3.16
MT,16/09/2015,3.25,2.87
MT,16/11/2015,3.72,3.25
MT,16/12/2015,3.77,3.19
MT,17/11/2015,3.65,3.12
MT,18/11/2015,3.55,3.07
MT,19/10/2015,3.48,2.91
MT,19/11/2015,3.4,NA
MT,20/10/2015,3.62,3.08
MT,21/07/2015,3.55,2.92
MT,21/09/2015,3.27,2.91
MT,21/10/2015,3.43,2.99
MT,21/12/2015,3.73,3.19
MT,22/07/2015,3.42,2.88
MT,22/09/2015,3.3,2.87
MT,22/12/2015,3.76,3.19
MT,23/07/2015,3.34,NA
MT,23/09/2015,3.32,2.88
MT,23/11/2015,3.67,3.2
MT,23/12/2015,3.83,3.19
MT,24/08/2015,3.28,2.86
MT,24/11/2015,3.86,3.13
MT,25/08/2015,3.26,2.86
MT,25/11/2015,3.61,3.16
MT,26/08/2015,3.3,2.89
MT,26/10/2015,3.42,3.04
MT,27/07/2015,3.56,NA
MT,27/08/2015,3.3,NA
MT,27/10/2015,3.49,3.03
MT,28/07/2015,3.37,2.89
MT,28/09/2015,3.21,2.84
MT,28/10/2015,3.46,3.1
MT,28/12/2015,3.77,3.2
MT,29/07/2015,3.22,2.84
MT,29/09/2015,3.19,2.86
MT,29/12/2015,3.74,3.19
MT,30/09/2015,3.32,2.9
MT,30/12/2015,3.83,3.19
MT,31/08/2015,3.31,2.84
PA,01/07/2015,3.48,3
PA,01/12/2015,4,3.26
PA,02/07/2015,3.37,2.99
PA,02/09/2015,3.36,3.03
PA,02/12/2015,3.67,3.29
PA,03/08/2015,3.7,3.09
PA,03/11/2015,3.88,3.29
PA,04/08/2015,3.62,2.99
PA,04/11/2015,3.78,3.23
PA,05/08/2015,3.35,3
PA,05/10/2015,3.74,3.21
PA,06/07/2015,3.71,3.09
PA,06/10/2015,3.51,3.11
PA,07/07/2015,3.46,3
PA,07/10/2015,3.6,3.09
PA,07/12/2015,3.91,3.37
PA,08/07/2015,3.77,NA
PA,08/09/2015,3.61,3.02
PA,08/12/2015,4.02,3.38
PA,09/09/2015,3.49,3.02
PA,09/12/2015,3.91,3.31
PA,10/08/2015,3.6,3.05
PA,10/09/2015,3.35,3.01
PA,10/11/2015,3.76,3.29
PA,10/12/2015,3.99,NA
PA,11/08/2015,3.57,2.97
PA,12/10/2015,3.82,3.26
PA,12/11/2015,3.85,3.26
PA,13/07/2015,3.66,3.08
PA,13/10/2015,3.51,3.04
PA,14/07/2015,3.68,3
PA,14/10/2015,3.6,3.15
PA,14/12/2015,3.91,3.37
PA,15/07/2015,3.43,3
PA,15/09/2015,3.48,3.03
PA,15/12/2015,4.05,3.38
PA,16/07/2015,3.38,2.99
PA,16/09/2015,3.66,2.95
PA,16/11/2015,3.9,3.36
PA,16/12/2015,3.88,3.32
PA,17/11/2015,3.83,3.23
PA,17/12/2015,3.99,NA
PA,19/10/2015,3.83,3.26
PA,20/07/2015,3.66,3.08
PA,20/10/2015,3.59,3.16
PA,21/07/2015,3.55,3
PA,21/09/2015,3.66,3.13
PA,21/10/2015,3.75,3.17
PA,21/12/2015,4.04,3.36
PA,22/07/2015,3.8,NA
PA,22/09/2015,3.66,3.2
PA,22/12/2015,3.92,3.3
PA,23/09/2015,3.41,3.02
PA,23/11/2015,3.92,3.36
PA,23/12/2015,3.88,3.44
PA,24/08/2015,3.68,2.92
PA,24/11/2015,3.84,3.2
PA,25/08/2015,3.6,2.95
PA,25/11/2015,3.67,3.28
PA,26/08/2015,3.38,3.04
PA,26/10/2015,3.84,3.26
PA,27/07/2015,3.7,3.09
PA,27/10/2015,3.61,3.17
PA,28/07/2015,3.62,2.99
PA,28/09/2015,3.66,3.1
PA,28/10/2015,3.76,3.17
PA,28/12/2015,3.97,3.34
PA,29/07/2015,3.36,3
PA,29/09/2015,3.66,3.2
PA,29/10/2015,3.82,NA
PA,29/12/2015,4.1,3.26
PA,30/09/2015,3.42,3.02
PA,30/11/2015,3.86,3.37
PA,30/12/2015,3.88,3.44
PA,31/08/2015,3.67,2.94
PB,01/07/2015,3.12,2.79
PB,01/09/2015,3.36,2.91
PB,01/12/2015,3.39,3.08
PB,02/09/2015,3.06,2.82
PB,02/12/2015,3.44,3.06
PB,03/08/2015,3.29,2.81
PB,03/11/2015,3.37,2.96
PB,04/08/2015,3.33,2.86
PB,04/11/2015,3.33,2.95
PB,05/08/2015,3.15,2.82
PB,05/10/2015,3.47,2.98
PB,06/07/2015,3.25,2.83
PB,06/08/2015,3.12,2.81
PB,06/10/2015,3.47,2.88
PB,07/07/2015,3.18,2.8
PB,07/10/2015,3.3,2.85
PB,07/12/2015,3.56,3.14
PB,08/07/2015,3.19,2.8
PB,08/09/2015,3.34,2.84
PB,08/12/2015,3.59,3.16
PB,09/09/2015,3.06,2.82
PB,10/08/2015,3.17,2.82
PB,10/11/2015,3.27,2.98
PB,10/12/2015,3.34,3.06
PB,11/08/2015,3.21,2.83
PB,11/11/2015,3.56,3.04
PB,12/10/2015,3.5,2.98
PB,12/11/2015,3.43,2.95
PB,13/07/2015,3.3,2.82
PB,13/10/2015,3.51,2.96
PB,14/07/2015,3.21,2.81
PB,14/10/2015,3.25,2.93
PB,14/12/2015,3.58,3.14
PB,15/07/2015,3.16,2.79
PB,15/09/2015,3.37,NA
PB,15/12/2015,3.59,3.15
PB,16/07/2015,2.97,NA
PB,16/09/2015,3.2,2.86
PB,16/11/2015,3.43,3.12
PB,16/12/2015,3.36,3.08
PB,17/11/2015,3.57,3.02
PB,17/12/2015,3.37,3.06
PB,18/11/2015,3.24,3
PB,19/10/2015,3.48,2.93
PB,20/07/2015,3.11,2.74
PB,20/10/2015,3.34,2.96
PB,21/07/2015,3.25,2.84
PB,21/09/2015,3.35,2.86
PB,21/10/2015,3.31,2.95
PB,21/12/2015,3.61,3.18
PB,22/07/2015,3.28,2.83
PB,22/09/2015,3.38,2.84
PB,22/12/2015,3.46,3.13
PB,23/07/2015,3.11,2.78
PB,23/09/2015,3.12,2.81
PB,23/11/2015,3.45,3.12
PB,24/08/2015,3.41,2.85
PB,24/11/2015,3.59,3.11
PB,25/08/2015,3.34,2.84
PB,25/11/2015,3.3,3.02
PB,26/08/2015,3.07,2.81
PB,26/10/2015,3.5,2.99
PB,27/07/2015,3.3,2.82
PB,27/10/2015,3.44,2.97
PB,28/07/2015,3.34,2.83
PB,28/09/2015,3.35,2.87
PB,28/10/2015,3.17,2.91
PB,28/12/2015,3.61,3.16
PB,29/07/2015,3.11,2.79
PB,29/09/2015,3.36,2.87
PB,29/12/2015,3.52,3.14
PB,30/07/2015,3.11,2.79
PB,30/09/2015,3.07,2.83
PB,30/11/2015,3.62,3.15
PB,31/08/2015,3.36,2.85
PE,01/07/2015,3.43,2.83
PE,01/09/2015,3.48,2.88
PE,01/12/2015,3.76,3.19
PE,02/12/2015,3.68,3.29
PE,03/08/2015,3.39,2.86
PE,03/11/2015,3.6,3.05
PE,04/08/2015,3.48,2.86
PE,04/11/2015,3.45,3.05
PE,05/08/2015,3.35,2.83
PE,05/10/2015,3.52,2.96
PE,06/07/2015,3.41,2.83
PE,06/10/2015,3.54,2.97
PE,07/07/2015,3.45,2.83
PE,07/09/2015,3.42,2.85
PE,07/10/2015,3.35,2.97
PE,07/12/2015,3.74,3.24
PE,08/07/2015,3.32,2.84
PE,08/09/2015,3.46,2.91
PE,08/10/2015,3.79,3.01
PE,08/12/2015,3.66,3.13
PE,09/09/2015,3.29,2.83
PE,09/11/2015,3.47,3.04
PE,09/12/2015,3.68,3.2
PE,10/08/2015,3.44,2.88
PE,10/11/2015,3.64,3.06
PE,11/08/2015,3.37,2.85
PE,11/11/2015,3.65,3.06
PE,12/10/2015,3.54,2.96
PE,12/11/2015,3.52,3.07
PE,13/07/2015,3.43,2.83
PE,13/10/2015,3.56,3
PE,14/07/2015,3.42,2.86
PE,14/09/2015,3.42,2.85
PE,14/10/2015,3.43,2.97
PE,14/12/2015,3.74,3.26
PE,15/07/2015,3.34,2.82
PE,15/09/2015,3.47,2.88
PE,15/10/2015,3.84,3.01
PE,15/12/2015,3.65,3.16
PE,16/09/2015,3.3,2.83
PE,16/11/2015,3.54,3.09
PE,16/12/2015,3.6,3.13
PE,17/11/2015,3.58,3.12
PE,18/11/2015,3.97,3.48
PE,19/10/2015,3.55,3
PE,20/07/2015,3.34,2.83
PE,20/10/2015,3.59,3.04
PE,21/07/2015,3.43,2.85
PE,21/09/2015,3.36,2.85
PE,21/12/2015,3.68,3.22
PE,22/07/2015,3.43,2.85
PE,22/09/2015,3.48,2.87
PE,22/12/2015,3.65,3.16
PE,23/11/2015,3.6,3.1
PE,23/12/2015,3.84,3.23
PE,24/08/2015,3.38,2.86
PE,24/11/2015,3.72,3.15
PE,25/08/2015,3.48,2.96
PE,25/11/2015,4.03,3.45
PE,26/10/2015,3.57,3.01
PE,27/07/2015,3.42,2.85
PE,27/10/2015,3.59,3.03
PE,28/07/2015,3.46,2.85
PE,28/09/2015,3.39,2.85
PE,28/12/2015,3.7,3.24
PE,29/07/2015,3.34,2.81
PE,29/09/2015,3.36,2.85
PE,29/12/2015,3.63,3.18
PE,30/09/2015,3.58,3.01
PE,30/11/2015,3.62,3.14
PE,30/12/2015,3.84,3.23
PE,31/08/2015,3.36,2.9
PI,01/07/2015,3.22,2.79
PI,01/09/2015,3.17,2.77
PI,01/12/2015,3.64,3.07
PI,02/12/2015,3.55,3.1
PI,03/08/2015,3.26,2.77
PI,03/09/2015,3.39,2.79
PI,03/11/2015,3.38,NA
PI,04/08/2015,3.23,2.78
PI,04/11/2015,3.44,2.96
PI,05/08/2015,3.41,2.78
PI,05/10/2015,3.51,2.86
PI,06/07/2015,3.23,2.77
PI,06/10/2015,3.37,2.81
PI,07/07/2015,3.29,2.8
PI,07/12/2015,3.53,3.12
PI,08/07/2015,3.27,2.76
PI,08/09/2015,3.34,2.79
PI,08/12/2015,3.69,3.14
PI,09/09/2015,3.15,2.78
PI,09/11/2015,3.41,3.03
PI,09/12/2015,3.65,3.14
PI,10/08/2015,3.25,2.8
PI,10/09/2015,3.13,2.8
PI,10/11/2015,3.43,3.02
PI,11/08/2015,3.22,2.79
PI,12/10/2015,3.56,2.88
PI,12/11/2015,3.58,2.97
PI,13/07/2015,3.22,2.8
PI,13/10/2015,3.35,2.92
PI,14/07/2015,3.26,2.77
PI,14/09/2015,3.18,2.8
PI,14/12/2015,3.56,3.11
PI,15/07/2015,3.35,2.78
PI,15/09/2015,3.32,2.79
PI,15/12/2015,3.59,3.13
PI,16/09/2015,3.17,NA
PI,16/11/2015,3.57,3.03
PI,16/12/2015,3.67,3.14
PI,17/11/2015,3.54,3.08
PI,19/10/2015,3.47,2.98
PI,20/07/2015,3.2,2.8
PI,20/10/2015,3.46,2.91
PI,21/07/2015,3.33,2.76
PI,21/09/2015,3.35,2.79
PI,21/10/2015,3.38,2.93
PI,21/12/2015,3.66,3.14
PI,22/07/2015,3.2,2.79
PI,22/09/2015,3.12,2.8
PI,22/12/2015,3.61,3.14
PI,23/07/2015,3.14,NA
PI,23/09/2015,3.16,2.79
PI,23/11/2015,3.61,3.05
PI,24/08/2015,3.28,2.79
PI,24/11/2015,3.58,3.07
PI,25/08/2015,3.16,2.79
PI,26/10/2015,3.43,2.97
PI,27/07/2015,3.23,2.78
PI,27/10/2015,3.49,2.94
PI,28/07/2015,3.24,2.78
PI,28/09/2015,3.28,2.79
PI,28/12/2015,3.63,3.14
PI,29/07/2015,3.41,2.78
PI,29/09/2015,3.15,2.79
PI,29/12/2015,3.63,3.16
PI,30/11/2015,3.58,NA
PI,31/08/2015,3.18,2.78
PR,01/07/2015,3.23,2.87
PR,01/09/2015,3.26,2.87
PR,01/12/2015,3.64,3.25
PR,02/09/2015,3.21,2.86
PR,02/11/2015,3.48,3.22
PR,02/12/2015,3.55,3.21
PR,03/08/2015,3.35,2.91
PR,03/11/2015,3.56,3.2
PR,04/08/2015,3.33,2.93
PR,04/11/2015,3.55,3.18
PR,05/08/2015,3.21,2.87
PR,05/10/2015,3.43,3.01
PR,05/11/2015,3.67,3.24
PR,06/07/2015,3.29,2.88
PR,06/08/2015,3.26,2.87
PR,06/10/2015,3.55,3.07
PR,07/07/2015,3.35,2.93
PR,07/09/2015,3.16,2.93
PR,07/10/2015,3.44,3.01
PR,07/12/2015,3.64,3.28
PR,08/07/2015,3.19,2.86
PR,08/09/2015,3.31,2.91
PR,08/10/2015,3.7,3
PR,08/12/2015,3.61,3.25
PR,09/09/2015,3.22,2.86
PR,09/11/2015,3.69,3.23
PR,09/12/2015,3.59,3.22
PR,10/08/2015,3.33,2.92
PR,10/09/2015,3.23,2.85
PR,10/11/2015,3.62,3.19
PR,10/12/2015,3.71,3.23
PR,11/08/2015,3.26,2.88
PR,11/11/2015,3.72,3.24
PR,12/10/2015,3.47,3.09
PR,12/11/2015,3.53,3.17
PR,13/07/2015,3.36,2.91
PR,13/10/2015,3.56,3.11
PR,14/07/2015,3.25,2.91
PR,14/09/2015,3.32,2.92
PR,14/10/2015,3.44,3.06
PR,14/12/2015,3.62,3.26
PR,15/07/2015,3.26,2.9
PR,15/09/2015,3.26,2.89
PR,15/10/2015,3.41,NA
PR,15/12/2015,3.67,3.27
PR,16/07/2015,3.17,2.86
PR,16/09/2015,3.24,2.86
PR,16/11/2015,3.61,3.23
PR,16/12/2015,3.59,3.24
PR,17/09/2015,3.28,2.87
PR,17/11/2015,3.71,3.24
PR,17/12/2015,3.68,3.21
PR,18/11/2015,3.66,3.18
PR,19/10/2015,3.52,3.12
PR,19/11/2015,3.54,3.19
PR,20/07/2015,3.35,2.92
PR,20/10/2015,3.46,3.13
PR,21/07/2015,3.26,2.89
PR,21/09/2015,3.31,2.95
PR,21/10/2015,3.54,3.13
PR,21/12/2015,3.67,3.27
PR,22/07/2015,3.3,2.91
PR,22/09/2015,3.29,2.9
PR,22/12/2015,3.62,3.25
PR,23/07/2015,3.17,2.87
PR,23/09/2015,3.31,2.89
PR,23/11/2015,3.59,3.21
PR,23/12/2015,3.69,3.19
PR,24/08/2015,3.33,2.92
PR,24/11/2015,3.68,3.27
PR,25/08/2015,3.27,2.91
PR,25/11/2015,3.73,3.21
PR,26/08/2015,3.13,2.88
PR,26/10/2015,3.49,3.12
PR,26/11/2015,3.52,3.19
PR,27/07/2015,3.34,2.92
PR,27/10/2015,3.65,3.22
PR,28/07/2015,3.31,2.93
PR,28/09/2015,3.26,2.91
PR,28/10/2015,3.53,3.14
PR,28/12/2015,3.67,3.26
PR,29/07/2015,3.23,2.87
PR,29/09/2015,3.35,2.91
PR,29/12/2015,3.59,3.24
PR,30/07/2015,3.37,2.93
PR,30/09/2015,3.37,2.96
PR,30/11/2015,3.65,3.23
PR,30/12/2015,3.7,3.24
PR,31/08/2015,3.31,2.91
RJ,01/07/2015,3.51,3
RJ,01/09/2015,3.51,3.03
RJ,01/12/2015,3.82,3.32
RJ,02/07/2015,3.48,2.99
RJ,02/09/2015,3.5,2.99
RJ,02/12/2015,3.84,3.31
RJ,03/08/2015,3.57,3.03
RJ,03/11/2015,3.75,3.24
RJ,03/12/2015,3.81,3.32
RJ,04/08/2015,3.52,3.01
RJ,04/11/2015,3.73,3.2
RJ,05/08/2015,3.58,3.01
RJ,05/10/2015,3.68,3.13
RJ,05/11/2015,3.73,3.24
RJ,06/07/2015,3.53,3.02
RJ,06/08/2015,3.48,2.98
RJ,06/10/2015,3.67,3.13
RJ,07/07/2015,3.55,3.02
RJ,07/10/2015,3.67,3.12
RJ,07/12/2015,3.85,3.35
RJ,08/07/2015,3.52,3.01
RJ,08/09/2015,3.51,3.02
RJ,08/12/2015,3.89,3.35
RJ,09/09/2015,3.48,2.99
RJ,09/11/2015,3.79,3.28
RJ,09/12/2015,3.83,3.32
RJ,10/08/2015,3.51,3.01
RJ,10/09/2015,3.5,3.02
RJ,10/11/2015,3.78,3.26
RJ,10/12/2015,3.81,3.32
RJ,11/08/2015,3.53,3.01
RJ,11/11/2015,3.83,3.28
RJ,12/10/2015,3.74,3.21
RJ,12/11/2015,3.74,3.26
RJ,13/07/2015,3.56,3.01
RJ,13/10/2015,3.69,3.17
RJ,14/07/2015,3.52,3.01
RJ,14/09/2015,3.5,3.03
RJ,14/10/2015,3.7,3.16
RJ,14/12/2015,3.86,3.35
RJ,15/07/2015,3.54,3.02
RJ,15/09/2015,3.49,3.01
RJ,15/10/2015,3.69,3.18
RJ,15/12/2015,3.86,3.36
RJ,16/07/2015,3.48,2.99
RJ,16/09/2015,3.51,3
RJ,16/11/2015,3.77,3.31
RJ,16/12/2015,3.87,3.33
RJ,17/11/2015,3.86,3.33
RJ,17/12/2015,3.82,3.33
RJ,18/11/2015,3.86,3.31
RJ,19/10/2015,3.71,3.21
RJ,19/11/2015,3.79,3.31
RJ,20/07/2015,3.54,3.02
RJ,20/10/2015,3.68,3.18
RJ,21/07/2015,3.56,3.01
RJ,21/09/2015,3.58,3.06
RJ,21/10/2015,3.69,3.18
RJ,21/12/2015,3.85,3.35
RJ,22/07/2015,3.52,3
RJ,22/09/2015,3.46,3.04
RJ,22/10/2015,3.69,3.16
RJ,22/12/2015,3.89,3.36
RJ,23/07/2015,3.47,2.98
RJ,23/09/2015,3.52,3.01
RJ,23/11/2015,3.81,3.33
RJ,23/12/2015,3.82,3.35
RJ,24/08/2015,3.49,3.03
RJ,24/09/2015,3.56,3.02
RJ,24/11/2015,3.85,3.32
RJ,25/08/2015,3.5,3
RJ,25/11/2015,3.86,3.31
RJ,26/08/2015,3.56,3.01
RJ,26/10/2015,3.7,3.21
RJ,26/11/2015,3.79,3.31
RJ,27/07/2015,3.58,3.03
RJ,27/10/2015,3.7,3.21
RJ,28/07/2015,3.5,2.99
RJ,28/09/2015,3.55,3.08
RJ,28/10/2015,3.69,3.19
RJ,28/12/2015,3.86,3.35
RJ,29/07/2015,3.51,3
RJ,29/09/2015,3.51,3.03
RJ,29/10/2015,3.68,3.01
RJ,29/12/2015,3.88,3.34
RJ,30/07/2015,3.46,2.99
RJ,30/09/2015,3.53,3.03
RJ,30/11/2015,3.89,3.34
RJ,30/12/2015,3.81,3.34
RJ,31/08/2015,3.52,3.04
RN,01/07/2015,3.34,NA
RN,01/09/2015,3.31,2.92
RN,01/12/2015,3.66,3.19
RN,02/07/2015,3.35,2.92
RN,02/12/2015,3.71,3.22
RN,03/11/2015,3.55,3.15
RN,04/08/2015,3.32,2.92
RN,04/11/2015,3.55,3.09
RN,05/08/2015,3.28,2.9
RN,06/10/2015,3.5,3.02
RN,07/07/2015,3.3,2.91
RN,07/10/2015,3.51,3
RN,07/12/2015,3.8,3.24
RN,08/07/2015,3.34,NA
RN,08/09/2015,3.35,2.94
RN,08/12/2015,3.72,3.26
RN,09/09/2015,3.33,2.94
RN,09/11/2015,3.54,NA
RN,09/12/2015,3.75,3.26
RN,10/08/2015,3.26,2.85
RN,10/11/2015,3.58,3.11
RN,11/08/2015,3.32,2.93
RN,11/11/2015,3.54,3.08
RN,12/11/2015,3.49,3.03
RN,13/10/2015,3.52,3
RN,14/07/2015,3.3,2.88
RN,15/07/2015,3.33,NA
RN,15/09/2015,3.33,2.96
RN,15/12/2015,3.72,3.29
RN,16/11/2015,3.6,NA
RN,16/12/2015,3.74,3.27
RN,17/11/2015,3.6,3.14
RN,20/10/2015,3.51,3.03
RN,21/07/2015,3.29,2.87
RN,21/10/2015,3.49,NA
RN,21/12/2015,3.67,NA
RN,22/07/2015,3.35,NA
RN,22/09/2015,3.34,2.92
RN,22/12/2015,3.73,3.26
RN,23/07/2015,3.35,2.93
RN,23/09/2015,3.3,2.94
RN,23/12/2015,3.73,NA
RN,24/11/2015,3.61,3.21
RN,25/08/2015,3.33,2.91
RN,25/11/2015,3.61,3.16
RN,27/10/2015,3.58,3.11
RN,28/07/2015,3.33,2.94
RN,28/09/2015,3.31,2.92
RN,28/10/2015,3.49,NA
RN,28/12/2015,3.71,3.26
RN,29/07/2015,3.27,2.87
RN,29/09/2015,3.35,2.88
RN,29/12/2015,3.74,3.27
RN,31/08/2015,3.33,NA
RO,01/07/2015,3.6,2.96
RO,01/09/2015,3.65,NA
RO,01/12/2015,3.86,3.24
RO,02/12/2015,3.78,3.21
RO,03/08/2015,3.69,3
RO,03/11/2015,3.8,3.16
RO,04/08/2015,3.55,NA
RO,04/11/2015,3.82,3.18
RO,05/08/2015,3.61,3.09
RO,05/10/2015,3.77,3.06
RO,05/11/2015,3.71,NA
RO,06/07/2015,3.61,2.97
RO,06/10/2015,3.71,3.04
RO,07/07/2015,3.59,3
RO,07/10/2015,3.71,NA
RO,07/12/2015,3.99,3.25
RO,08/07/2015,3.6,2.96
RO,08/09/2015,3.55,NA
RO,08/12/2015,3.8,3.26
RO,09/09/2015,3.59,NA
RO,09/11/2015,3.79,NA
RO,09/12/2015,3.86,3.28
RO,10/08/2015,3.62,2.97
RO,10/09/2015,3.58,NA
RO,10/11/2015,3.79,3.15
RO,11/08/2015,3.59,NA
RO,12/10/2015,3.78,3.06
RO,12/11/2015,3.85,3.19
RO,13/07/2015,3.65,2.98
RO,13/10/2015,3.66,NA
RO,14/07/2015,3.6,2.94
RO,14/09/2015,3.49,2.99
RO,14/10/2015,3.79,NA
RO,14/12/2015,3.98,3.25
RO,15/07/2015,3.54,NA
RO,15/09/2015,3.55,2.91
RO,15/12/2015,3.89,3.27
RO,16/07/2015,3.65,NA
RO,16/11/2015,3.83,3.22
RO,16/12/2015,3.79,3.28
RO,17/11/2015,3.86,3.19
RO,18/11/2015,3.73,3.2
RO,19/10/2015,3.78,3.14
RO,20/07/2015,3.65,2.98
RO,20/10/2015,3.74,3.17
RO,21/07/2015,3.6,2.94
RO,21/09/2015,3.69,2.97
RO,21/10/2015,3.82,NA
RO,21/12/2015,3.83,3.28
RO,22/07/2015,3.58,NA
RO,22/09/2015,3.51,3
RO,22/12/2015,3.89,3.28
RO,23/09/2015,3.49,NA
RO,23/11/2015,3.89,3.22
RO,23/12/2015,3.9,NA
RO,24/08/2015,3.55,2.92
RO,24/11/2015,3.82,3.21
RO,25/08/2015,3.6,2.94
RO,25/11/2015,3.71,NA
RO,26/08/2015,3.64,NA
RO,26/10/2015,3.79,3.16
RO,27/07/2015,3.68,3
RO,27/10/2015,3.7,3.17
RO,28/07/2015,3.55,NA
RO,28/09/2015,3.71,2.97
RO,28/10/2015,3.77,NA
RO,28/12/2015,3.81,3.3
RO,29/09/2015,3.52,3
RO,29/12/2015,3.94,3.27
RO,30/07/2015,3.62,NA
RO,30/09/2015,3.47,NA
RO,30/11/2015,3.93,3.24
RO,30/12/2015,3.91,NA
RO,31/08/2015,3.54,2.92
RR,01/07/2015,3.52,2.97
RR,01/09/2015,3.52,3.01
RR,01/12/2015,3.84,3.34
RR,03/08/2015,3.58,2.95
RR,03/11/2015,3.78,3.24
RR,04/08/2015,3.53,2.97
RR,04/11/2015,3.81,3.27
RR,05/08/2015,3.55,2.98
RR,06/07/2015,3.58,2.99
RR,06/10/2015,3.64,3.12
RR,07/07/2015,3.54,2.98
RR,09/09/2015,3.52,2.98
RR,09/12/2015,3.88,3.37
RR,10/08/2015,3.58,NA
RR,10/11/2015,3.79,3.25
RR,11/08/2015,3.53,2.96
RR,12/10/2015,3.79,3.01
RR,13/07/2015,3.59,NA
RR,13/10/2015,3.79,3.18
RR,14/07/2015,3.53,2.97
RR,14/10/2015,3.84,3.13
RR,15/07/2015,3.53,3
RR,15/09/2015,3.52,3
RR,15/12/2015,3.89,3.33
RR,16/09/2015,3.54,3.02
RR,16/12/2015,3.85,3.55
RR,17/11/2015,3.79,3.29
RR,18/11/2015,3.76,3.24
RR,20/07/2015,3.59,NA
RR,20/10/2015,3.79,3.24
RR,21/07/2015,3.53,2.99
RR,21/10/2015,3.84,3.3
RR,22/07/2015,3.55,2.98
RR,22/09/2015,3.52,2.98
RR,22/12/2015,3.88,3.39
RR,24/08/2015,3.39,2.97
RR,24/11/2015,3.84,3.33
RR,25/08/2015,3.53,2.99
RR,27/07/2015,3.58,2.97
RR,27/10/2015,3.79,3.25
RR,28/07/2015,3.54,2.97
RR,29/07/2015,3.54,2.99
RR,29/09/2015,3.52,2.96
RR,29/12/2015,3.87,3.38
RR,30/09/2015,3.55,3.03
RR,30/11/2015,3.69,3.26
RS,01/07/2015,3.36,2.86
RS,01/09/2015,3.41,2.84
RS,01/12/2015,3.62,3.13
RS,02/07/2015,3.35,2.87
RS,02/09/2015,3.31,2.85
RS,02/11/2015,3.56,3.01
RS,02/12/2015,3.8,3.17
RS,03/08/2015,3.36,2.88
RS,03/09/2015,3.48,2.88
RS,03/11/2015,3.5,3.08
RS,03/12/2015,3.73,3.12
RS,04/08/2015,3.39,2.87
RS,04/11/2015,3.66,3.1
RS,05/08/2015,3.41,2.89
RS,05/10/2015,3.61,3.02
RS,06/07/2015,3.37,2.87
RS,06/08/2015,3.44,2.84
RS,06/10/2015,3.55,3.01
RS,07/07/2015,3.42,2.89
RS,07/09/2015,3.3,NA
RS,07/10/2015,3.36,3
RS,07/12/2015,3.64,3.12
RS,08/07/2015,3.36,2.86
RS,08/09/2015,3.35,2.86
RS,08/12/2015,3.71,3.14
RS,09/09/2015,3.33,2.86
RS,09/12/2015,3.65,3.13
RS,10/08/2015,3.38,2.88
RS,10/11/2015,3.56,3.1
RS,10/12/2015,3.72,3.05
RS,11/08/2015,3.38,2.88
RS,11/11/2015,3.73,3.08
RS,12/10/2015,3.65,3.05
RS,12/11/2015,3.72,3.11
RS,13/07/2015,3.36,2.86
RS,13/10/2015,3.57,3.04
RS,14/07/2015,3.43,2.88
RS,14/09/2015,3.32,2.81
RS,14/10/2015,3.41,3.05
RS,14/12/2015,3.64,3.13
RS,15/07/2015,3.39,2.9
RS,15/09/2015,3.34,2.88
RS,15/10/2015,3.73,NA
RS,15/12/2015,3.68,3.15
RS,16/07/2015,3.45,2.91
RS,16/09/2015,3.32,2.86
RS,16/11/2015,3.59,3.14
RS,16/12/2015,3.67,3.14
RS,17/09/2015,3.32,3.01
RS,17/11/2015,3.74,3.13
RS,17/12/2015,3.78,3.2
RS,18/11/2015,3.69,3.19
RS,19/10/2015,3.49,3.05
RS,19/11/2015,3.74,3.14
RS,20/07/2015,3.36,2.86
RS,20/10/2015,3.61,3.09
RS,21/07/2015,3.46,2.88
RS,21/09/2015,3.27,2.84
RS,21/10/2015,3.51,3.03
RS,21/12/2015,3.63,3.15
RS,22/07/2015,3.4,2.89
RS,22/09/2015,3.45,2.87
RS,22/10/2015,3.7,3.06
RS,22/12/2015,3.76,3.14
RS,23/07/2015,3.4,2.91
RS,23/09/2015,3.39,2.88
RS,23/11/2015,3.61,3.14
RS,23/12/2015,3.64,3.08
RS,24/08/2015,3.28,2.85
RS,24/11/2015,3.67,3.11
RS,25/08/2015,3.3,2.84
RS,25/11/2015,3.69,3.15
RS,26/08/2015,3.38,2.86
RS,26/10/2015,3.47,3.04
RS,26/11/2015,3.54,3
RS,27/07/2015,3.36,2.88
RS,27/10/2015,3.57,3.07
RS,28/07/2015,3.4,2.87
RS,28/09/2015,3.31,2.88
RS,28/10/2015,3.41,2.96
RS,28/12/2015,3.63,3.15
RS,29/07/2015,3.42,2.89
RS,29/09/2015,3.32,2.86
RS,29/10/2015,3.68,3.08
RS,29/12/2015,3.73,3.14
RS,30/09/2015,3.45,2.89
RS,30/11/2015,3.69,3.15
RS,30/12/2015,3.75,3.11
RS,31/08/2015,3.31,2.86
SC,01/07/2015,3.24,2.81
SC,01/09/2015,3.19,2.83
SC,01/12/2015,3.49,3.09
SC,02/09/2015,3.2,2.75
SC,02/11/2015,3.4,2.95
SC,03/08/2015,3.27,2.84
SC,03/11/2015,3.44,3.05
SC,03/12/2015,3.55,3.03
SC,04/08/2015,3.17,2.81
SC,05/08/2015,3.27,2.84
SC,05/10/2015,3.39,NA
SC,06/07/2015,3.25,2.79
SC,06/08/2015,3.04,2.83
SC,06/10/2015,3.41,2.9
SC,07/07/2015,3.22,2.85
SC,07/10/2015,3.4,2.94
SC,07/12/2015,3.53,3.15
SC,08/07/2015,3.25,2.84
SC,08/09/2015,3.22,2.83
SC,08/12/2015,3.52,3.1
SC,09/09/2015,3.12,2.79
SC,09/11/2015,3.45,3.01
SC,09/12/2015,3.58,3.07
SC,10/08/2015,3.25,2.79
SC,10/11/2015,3.49,3.11
SC,11/08/2015,3.23,2.82
SC,11/11/2015,3.45,3.08
SC,12/10/2015,3.48,NA
SC,13/07/2015,3.26,2.82
SC,13/10/2015,3.43,3
SC,14/07/2015,3.36,2.87
SC,14/09/2015,3.19,2.79
SC,14/10/2015,3.31,3.02
SC,14/12/2015,3.52,3.13
SC,15/07/2015,3.22,2.83
SC,15/09/2015,3.16,2.79
SC,15/12/2015,3.49,3.14
SC,16/07/2015,3.02,2.78
SC,16/09/2015,3.24,2.76
SC,16/11/2015,3.49,3.12
SC,16/12/2015,3.54,3.1
SC,19/10/2015,3.42,3.05
SC,19/11/2015,3.4,3.1
SC,20/07/2015,3.27,2.82
SC,20/10/2015,3.42,3.05
SC,21/07/2015,3.27,2.87
SC,21/09/2015,3.16,2.81
SC,21/10/2015,3.45,NA
SC,21/12/2015,3.5,3.14
SC,22/07/2015,3.22,2.84
SC,22/09/2015,3.24,2.89
SC,22/12/2015,3.64,3.17
SC,23/07/2015,3.12,2.8
SC,23/09/2015,3.25,2.83
SC,23/11/2015,3.5,3.12
SC,24/08/2015,3.2,NA
SC,24/11/2015,3.49,3.11
SC,25/08/2015,3.19,2.82
SC,25/11/2015,3.58,3.18
SC,26/08/2015,3.13,2.76
SC,26/10/2015,3.41,3.05
SC,26/11/2015,3.46,3.1
SC,27/07/2015,3.27,2.84
SC,27/08/2015,3.2,2.75
SC,27/10/2015,3.45,3.02
SC,28/07/2015,3.19,2.85
SC,28/09/2015,3.23,2.85
SC,28/10/2015,3.59,3.12
SC,28/12/2015,3.51,3.1
SC,29/07/2015,3.26,2.84
SC,29/09/2015,3.21,2.79
SC,29/10/2015,3.47,NA
SC,29/12/2015,3.64,3.17
SC,30/07/2015,3.03,2.81
SC,30/09/2015,3.38,2.95
SC,30/11/2015,3.51,3.08
SC,31/08/2015,3.16,2.81
SE,02/12/2015,3.6,3.18
SE,03/08/2015,3.32,2.89
SE,03/11/2015,3.48,3.09
SE,04/08/2015,3.25,2.84
SE,04/11/2015,3.5,3.14
SE,05/08/2015,3.42,2.9
SE,05/10/2015,3.4,2.99
SE,06/07/2015,3.33,2.83
SE,06/10/2015,3.44,3.01
SE,07/07/2015,3.36,2.88
SE,07/10/2015,3.52,3
SE,07/12/2015,3.61,3.2
SE,08/09/2015,3.31,2.91
SE,08/12/2015,3.52,3.1
SE,09/11/2015,3.54,NA
SE,10/08/2015,3.32,2.86
SE,10/11/2015,3.46,3.11
SE,11/08/2015,3.47,2.93
SE,12/10/2015,3.4,2.99
SE,12/11/2015,3.5,3.14
SE,13/07/2015,3.24,2.85
SE,13/10/2015,3.5,NA
SE,14/07/2015,3.4,2.9
SE,14/09/2015,3.33,2.92
SE,14/12/2015,3.65,3.21
SE,15/07/2015,3.36,2.93
SE,15/09/2015,3.29,2.92
SE,15/10/2015,3.6,3.08
SE,15/12/2015,3.53,3.14
SE,16/11/2015,3.5,3.12
SE,16/12/2015,3.65,3.21
SE,17/11/2015,3.55,3.15
SE,19/10/2015,3.45,3.05
SE,20/07/2015,3.32,2.89
SE,20/10/2015,3.52,3.07
SE,21/07/2015,3.4,2.89
SE,21/09/2015,3.15,2.82
SE,21/12/2015,3.59,3.2
SE,22/07/2015,3.29,2.92
SE,22/09/2015,3.31,2.88
SE,22/12/2015,3.63,3.24
SE,23/11/2015,3.5,3.11
SE,24/08/2015,3.31,2.91
SE,24/11/2015,3.58,3.17
SE,25/08/2015,3.28,2.83
SE,26/08/2015,3.34,2.91
SE,26/10/2015,3.47,3.06
SE,27/07/2015,3.28,2.89
SE,28/07/2015,3.25,2.84
SE,28/09/2015,3.27,2.86
SE,28/10/2015,3.51,3.08
SE,28/12/2015,3.5,3.17
SE,29/07/2015,3.39,2.91
SE,29/09/2015,3.28,2.88
SE,29/12/2015,3.64,3.22
SE,30/11/2015,3.56,3.14
SE,31/08/2015,3.32,2.91
SP,01/07/2015,3.08,2.7
SP,01/09/2015,3.12,2.7
SP,01/12/2015,3.54,3.04
SP,02/07/2015,3.12,2.73
SP,02/09/2015,3.15,2.72
SP,02/12/2015,3.47,3.03
SP,03/08/2015,3.12,2.71
SP,03/11/2015,3.45,2.95
SP,03/12/2015,3.54,3.07
SP,04/08/2015,3.12,2.7
SP,04/11/2015,3.37,2.92
SP,05/08/2015,3.16,2.72
SP,05/10/2015,3.31,2.82
SP,05/11/2015,3.43,2.97
SP,06/07/2015,3.14,2.72
SP,06/08/2015,3.1,2.73
SP,06/10/2015,3.34,2.85
SP,07/07/2015,3.14,2.73
SP,07/10/2015,3.34,2.83
SP,07/12/2015,3.51,3.05
SP,08/07/2015,3.2,2.73
SP,08/09/2015,3.1,2.71
SP,08/12/2015,3.54,3.05
SP,09/09/2015,3.13,2.71
SP,09/11/2015,3.48,2.99
SP,09/12/2015,3.54,3.05
SP,10/08/2015,3.13,2.71
SP,10/11/2015,3.51,2.96
SP,10/12/2015,3.42,NA
SP,11/08/2015,3.13,2.71
SP,11/11/2015,3.47,3.01
SP,12/10/2015,3.29,2.83
SP,12/11/2015,3.42,2.93
SP,13/07/2015,3.13,2.72
SP,13/10/2015,3.39,2.87
SP,14/07/2015,3.16,2.72
SP,14/09/2015,3.1,2.69
SP,14/10/2015,3.32,2.87
SP,14/12/2015,3.53,3.06
SP,15/07/2015,3.13,2.71
SP,15/09/2015,3.11,2.7
SP,15/10/2015,3.3,2.82
SP,15/12/2015,3.51,3.04
SP,16/07/2015,3.13,2.73
SP,16/09/2015,3.12,2.69
SP,16/11/2015,3.51,3
SP,16/12/2015,3.55,3.07
SP,17/11/2015,3.47,2.99
SP,17/12/2015,3.35,NA
SP,18/11/2015,3.45,3.03
SP,19/10/2015,3.37,2.9
SP,19/11/2015,3.43,3.03
SP,20/07/2015,3.14,2.72
SP,20/10/2015,3.41,2.9
SP,21/07/2015,3.12,2.71
SP,21/09/2015,3.12,2.71
SP,21/10/2015,3.29,2.89
SP,21/12/2015,3.52,3.06
SP,22/07/2015,3.15,2.73
SP,22/09/2015,3.12,2.72
SP,22/10/2015,3.38,2.85
SP,22/12/2015,3.59,3.07
SP,23/07/2015,3.11,2.73
SP,23/09/2015,3.2,2.72
SP,23/11/2015,3.51,3.02
SP,23/12/2015,3.57,3.06
SP,24/08/2015,3.11,2.7
SP,24/09/2015,3.23,NA
SP,24/11/2015,3.51,3
SP,25/08/2015,3.11,2.7
SP,25/11/2015,3.53,3.06
SP,26/08/2015,3.15,2.71
SP,26/10/2015,3.38,2.91
SP,26/11/2015,3.48,3.09
SP,27/07/2015,3.13,2.71
SP,27/08/2015,3.18,2.73
SP,27/10/2015,3.36,2.91
SP,28/07/2015,3.12,2.71
SP,28/09/2015,3.14,2.72
SP,28/10/2015,3.35,2.9
SP,28/12/2015,3.52,3.06
SP,29/07/2015,3.12,2.72
SP,29/09/2015,3.17,2.73
SP,29/10/2015,3.35,NA
SP,29/12/2015,3.56,3.06
SP,30/07/2015,3.19,2.74
SP,30/09/2015,3.14,2.73
SP,30/11/2015,3.52,3.02
SP,30/12/2015,3.55,3.07
SP,31/08/2015,3.1,2.7
TO,01/12/2015,3.66,3.16
TO,02/07/2015,3.59,NA
TO,02/11/2015,3.65,3.12
TO,03/08/2015,3.47,2.83
TO,03/11/2015,3.71,3.04
TO,03/12/2015,3.7,3.22
TO,04/08/2015,3.4,2.91
TO,04/11/2015,3.54,NA
TO,05/08/2015,3.49,3.03
TO,05/10/2015,3.56,3.01
TO,05/11/2015,3.86,NA
TO,06/07/2015,3.45,2.9
TO,06/08/2015,3.59,NA
TO,06/10/2015,3.77,NA
TO,07/07/2015,3.48,2.9
TO,07/10/2015,3.59,3.02
TO,07/12/2015,3.72,3.1
TO,08/09/2015,3.45,2.9
TO,08/12/2015,3.59,3.22
TO,09/09/2015,3.57,2.95
TO,09/11/2015,3.71,3.12
TO,09/12/2015,3.77,3.22
TO,10/08/2015,3.41,2.89
TO,10/11/2015,3.77,3.04
TO,11/08/2015,3.49,NA
TO,12/10/2015,3.56,3.01
TO,12/11/2015,3.58,NA
TO,13/07/2015,3.42,2.91
TO,14/07/2015,3.47,2.87
TO,14/09/2015,3.54,2.95
TO,14/10/2015,3.75,3.07
TO,14/12/2015,3.71,3.1
TO,15/07/2015,3.49,NA
TO,15/09/2015,3.45,2.9
TO,15/12/2015,3.49,NA
TO,16/11/2015,3.69,3.12
TO,16/12/2015,3.74,3.18
TO,17/11/2015,3.68,3.2
TO,18/11/2015,3.76,3.09
TO,19/10/2015,3.58,3.03
TO,19/11/2015,3.29,NA
TO,20/07/2015,3.42,2.91
TO,20/10/2015,3.73,3.11
TO,21/07/2015,3.53,2.87
TO,21/09/2015,3.44,2.88
TO,21/12/2015,3.64,NA
TO,22/07/2015,3.39,NA
TO,22/09/2015,3.55,2.92
TO,22/12/2015,3.66,3.2
TO,23/09/2015,3.17,NA
TO,23/11/2015,3.69,3.12
TO,23/12/2015,3.73,NA
TO,24/08/2015,3.57,2.95
TO,24/11/2015,3.68,3.2
TO,25/08/2015,3.45,2.92
TO,26/10/2015,3.7,3.07
TO,26/11/2015,3.72,3.17
TO,27/07/2015,3.47,2.83
TO,27/10/2015,3.68,3.1
TO,28/07/2015,3.41,2.91
TO,28/09/2015,3.5,2.89
TO,28/12/2015,3.69,3.21
TO,29/07/2015,3.5,NA
TO,29/09/2015,3.49,2.81
TO,29/10/2015,3.29,NA
TO,29/12/2015,3.65,3.16
TO,30/09/2015,3.13,NA
TO,30/11/2015,3.75,3.11
TO,30/12/2015,3.74,NA
TO,31/08/2015,3.52,2.93
